{"count":1,"self":1048.8943616,"total":1073.9970533,"children":{"InitializeActuators":{"count":27,"self":0.00099859999999999988,"total":0.00099859999999999988,"children":null},"InitializeSensors":{"count":27,"self":0.0048632,"total":0.0048632,"children":null},"AgentSendState":{"count":12184,"self":0.036493899999999996,"total":2.0772756,"children":{"CollectObservations":{"count":2437,"self":0.0014536,"total":0.0014536,"children":null},"WriteActionMask":{"count":2437,"self":0.0026325,"total":0.0026325,"children":null},"RequestDecision":{"count":2437,"self":0.025413599999999998,"total":2.0366956,"children":{"AgentInfo.ToProto":{"count":2437,"self":0.0133663,"total":2.011282,"children":{"GenerateSensorData":{"count":2437,"self":1.9979156,"total":1.9979156999999999,"children":null}}}}}}},"DecideAction":{"count":12184,"self":22.9320688,"total":22.932069199999997,"children":null},"AgentAct":{"count":12184,"self":0.0630994,"total":0.0630994,"children":null},"AgentInfo.ToProto":{"count":30,"self":0,"total":0.024369099999999998,"children":{"GenerateSensorData":{"count":30,"self":0.024369099999999998,"total":0.024369099999999998,"children":null}}}},"gauges":{"Player_Passive.CumulativeReward":{"count":6,"max":1.20999765,"min":-6.50000143,"runningAverage":-2.87500048,"value":-2.99,"weightedAverage":-2.48691487}},"metadata":{"timer_format_version":"0.1.0","start_time_seconds":"1717720871","unity_version":"2023.1.15f1","command_line_arguments":"D:\\UnityEditor\\2023.1.15f1\\Editor\\Unity.exe -projectpath D:\\Unity\\mergeVAMM -useHub -hubIPC -cloudEnvironment production -licensingIpc LicenseClient-COMG -hubSessionId b5066746-aa9e-4b0f-9820-54a16839ef25 -accessToken 7mQhNT3vJWQ-fEmlfIeqfUXWk71PLjDSYEShFgS3JvI00df","communication_protocol_version":"1.5.0","com.unity.ml-agents_version":"2.0.1","scene_name":"Stage1","end_time_seconds":"1717721945"}}